{
	"credit": "Made with Blockbench",
	"textures": {
		"0": "item/magic_circle4",
		"1": "block/frosted_ice_3",
		"particle": "item/magic_circle4"
	},
	"elements": [
		{
			"from": [-8, 0.5, -8],
			"to": [24, 0.5, 24],
			"faces": {
				"north": {"uv": [0, 0, 16, 0], "texture": "#missing"},
				"east": {"uv": [0, 0, 16, 0], "texture": "#missing"},
				"south": {"uv": [0, 0, 16, 0], "texture": "#missing"},
				"west": {"uv": [0, 0, 16, 0], "texture": "#missing"},
				"up": {"uv": [0, 0, 16, 16], "texture": "#0"},
				"down": {"uv": [0, 0, 16, 16], "texture": "#missing"}
			}
		},
		{
			"from": [3, 8, 0],
			"to": [8, 13, 0.5],
			"rotation": {"angle": -45, "axis": "y", "origin": [0, 0, 0]},
			"faces": {
				"north": {"uv": [6, 11, 16, 16], "texture": "#1"},
				"east": {"uv": [0, 0, 0.5, 5], "texture": "#1"},
				"south": {"uv": [6, 11, 16, 16], "texture": "#1"},
				"west": {"uv": [0, 0, 0.5, 5], "texture": "#1"},
				"up": {"uv": [0, 0, 0.5, 10], "rotation": 90, "texture": "#1"},
				"down": {"uv": [0, 0, 0.5, 10], "rotation": 270, "texture": "#1"}
			}
		},
		{
			"from": [16, 8, -0.5],
			"to": [22, 13, 0],
			"rotation": {"angle": -45, "axis": "y", "origin": [0, 0, 0]},
			"faces": {
				"north": {"uv": [6, 11, 16, 16], "texture": "#1"},
				"east": {"uv": [0, 0, 0.5, 5], "texture": "#1"},
				"south": {"uv": [6, 11, 16, 16], "texture": "#1"},
				"west": {"uv": [0, 0, 0.5, 5], "texture": "#1"},
				"up": {"uv": [0, 0, 0.5, 10], "rotation": 270, "texture": "#1"},
				"down": {"uv": [0, 0, 0.5, 10], "rotation": 90, "texture": "#1"}
			}
		},
		{
			"from": [-1, 8, 8],
			"to": [5, 13, 8.5],
			"faces": {
				"north": {"uv": [6, 11, 16, 16], "texture": "#1"},
				"east": {"uv": [0, 0, 0.5, 5], "texture": "#1"},
				"south": {"uv": [6, 11, 16, 16], "texture": "#1"},
				"west": {"uv": [0, 0, 0.5, 5], "texture": "#1"},
				"up": {"uv": [0, 0, 0.5, 10], "rotation": 90, "texture": "#1"},
				"down": {"uv": [0, 0, 0.5, 10], "rotation": 270, "texture": "#1"}
			}
		},
		{
			"from": [-9, 8, 11],
			"to": [-4, 13, 11.5],
			"rotation": {"angle": 45, "axis": "y", "origin": [0, 0, 0]},
			"faces": {
				"north": {"uv": [6, 11, 16, 16], "texture": "#1"},
				"east": {"uv": [0, 0, 0.5, 5], "texture": "#1"},
				"south": {"uv": [6, 11, 16, 16], "texture": "#1"},
				"west": {"uv": [0, 0, 0.5, 5], "texture": "#1"},
				"up": {"uv": [0, 0, 0.5, 10], "rotation": 90, "texture": "#1"},
				"down": {"uv": [0, 0, 0.5, 10], "rotation": 270, "texture": "#1"}
			}
		},
		{
			"from": [8, 8, 12],
			"to": [8.5, 12, 19],
			"faces": {
				"north": {"uv": [0, 0, 0.5, 5], "texture": "#1"},
				"east": {"uv": [6, 11, 16, 16], "texture": "#1"},
				"south": {"uv": [0, 0, 0.5, 5], "texture": "#1"},
				"west": {"uv": [6, 11, 16, 16], "texture": "#1"},
				"up": {"uv": [0, 0, 0.5, 10], "texture": "#1"},
				"down": {"uv": [0, 0, 0.5, 10], "texture": "#1"}
			}
		},
		{
			"from": [7.5, 8, -2],
			"to": [8, 13, 5],
			"faces": {
				"north": {"uv": [0, 0, 0.5, 5], "texture": "#1"},
				"east": {"uv": [6, 11, 16, 16], "texture": "#1"},
				"south": {"uv": [0, 0, 0.5, 5], "texture": "#1"},
				"west": {"uv": [6, 11, 16, 16], "texture": "#1"},
				"up": {"uv": [0, 0, 0.5, 10], "rotation": 180, "texture": "#1"},
				"down": {"uv": [0, 0, 0.5, 10], "rotation": 180, "texture": "#1"}
			}
		},
		{
			"from": [11.5, 8, -10],
			"to": [12, 14, -4],
			"rotation": {"angle": -45, "axis": "y", "origin": [0, 0, 0]},
			"faces": {
				"north": {"uv": [0, 0, 0.5, 5], "texture": "#1"},
				"east": {"uv": [6, 11, 16, 16], "texture": "#1"},
				"south": {"uv": [0, 0, 0.5, 5], "texture": "#1"},
				"west": {"uv": [6, 11, 16, 16], "texture": "#1"},
				"up": {"uv": [0, 0, 0.5, 10], "rotation": 180, "texture": "#1"},
				"down": {"uv": [0, 0, 0.5, 10], "rotation": 180, "texture": "#1"}
			}
		},
		{
			"from": [12, 8, 8.5],
			"to": [19, 13, 9],
			"faces": {
				"north": {"uv": [6, 11, 16, 16], "texture": "#1"},
				"east": {"uv": [0, 0, 0.5, 5], "texture": "#1"},
				"south": {"uv": [6, 11, 16, 16], "texture": "#1"},
				"west": {"uv": [0, 0, 0.5, 5], "texture": "#1"},
				"up": {"uv": [0, 0, 0.5, 10], "rotation": 270, "texture": "#1"},
				"down": {"uv": [0, 0, 0.5, 10], "rotation": 90, "texture": "#1"}
			}
		},
		{
			"from": [4, 13, 0],
			"to": [8, 16, 0.5],
			"rotation": {"angle": -45, "axis": "y", "origin": [0, 0, 0]},
			"faces": {
				"north": {"uv": [6, 11, 16, 16], "texture": "#1"},
				"east": {"uv": [0, 0, 0.5, 5], "texture": "#1"},
				"south": {"uv": [6, 11, 16, 16], "texture": "#1"},
				"west": {"uv": [0, 0, 0.5, 5], "texture": "#1"},
				"up": {"uv": [0, 0, 0.5, 10], "rotation": 90, "texture": "#1"},
				"down": {"uv": [0, 0, 0.5, 10], "rotation": 270, "texture": "#1"}
			}
		},
		{
			"from": [16, 13, -0.5],
			"to": [21, 16, -0.5],
			"rotation": {"angle": -45, "axis": "y", "origin": [0, 0, 0]},
			"faces": {
				"north": {"uv": [6, 11, 16, 16], "texture": "#1"},
				"east": {"uv": [0, 0, 0.5, 5], "texture": "#1"},
				"south": {"uv": [6, 11, 16, 16], "texture": "#1"},
				"west": {"uv": [0, 0, 0.5, 5], "texture": "#1"},
				"up": {"uv": [0, 0, 0.5, 10], "rotation": 270, "texture": "#1"},
				"down": {"uv": [0, 0, 0.5, 10], "rotation": 90, "texture": "#1"}
			}
		},
		{
			"from": [0, 13, 8],
			"to": [5, 16, 8.5],
			"faces": {
				"north": {"uv": [6, 11, 16, 16], "texture": "#1"},
				"east": {"uv": [0, 0, 0.5, 5], "texture": "#1"},
				"south": {"uv": [6, 11, 16, 16], "texture": "#1"},
				"west": {"uv": [0, 0, 0.5, 5], "texture": "#1"},
				"up": {"uv": [0, 0, 0.5, 10], "rotation": 90, "texture": "#1"},
				"down": {"uv": [0, 0, 0.5, 10], "rotation": 270, "texture": "#1"}
			}
		},
		{
			"from": [-7, 13, 11],
			"to": [-4, 16, 11.5],
			"rotation": {"angle": 45, "axis": "y", "origin": [0, 0, 0]},
			"faces": {
				"north": {"uv": [6, 11, 16, 16], "texture": "#1"},
				"east": {"uv": [0, 0, 0.5, 5], "texture": "#1"},
				"south": {"uv": [6, 11, 16, 16], "texture": "#1"},
				"west": {"uv": [0, 0, 0.5, 5], "texture": "#1"},
				"up": {"uv": [0, 0, 0.5, 10], "rotation": 90, "texture": "#1"},
				"down": {"uv": [0, 0, 0.5, 10], "rotation": 270, "texture": "#1"}
			}
		},
		{
			"from": [8, 12, 12],
			"to": [8.5, 16, 17],
			"faces": {
				"north": {"uv": [0, 0, 0.5, 5], "texture": "#1"},
				"east": {"uv": [6, 11, 16, 16], "texture": "#1"},
				"south": {"uv": [0, 0, 0.5, 5], "texture": "#1"},
				"west": {"uv": [6, 11, 16, 16], "texture": "#1"},
				"up": {"uv": [0, 0, 0.5, 10], "texture": "#1"},
				"down": {"uv": [0, 0, 0.5, 10], "texture": "#1"}
			}
		},
		{
			"from": [7.5, 13, 0],
			"to": [8, 18, 5],
			"faces": {
				"north": {"uv": [0, 0, 0.5, 5], "texture": "#1"},
				"east": {"uv": [6, 11, 16, 16], "texture": "#1"},
				"south": {"uv": [0, 0, 0.5, 5], "texture": "#1"},
				"west": {"uv": [6, 11, 16, 16], "texture": "#1"},
				"up": {"uv": [0, 0, 0.5, 10], "rotation": 180, "texture": "#1"},
				"down": {"uv": [0, 0, 0.5, 10], "rotation": 180, "texture": "#1"}
			}
		},
		{
			"from": [11.5, 14, -9],
			"to": [12, 20, -4],
			"rotation": {"angle": -45, "axis": "y", "origin": [0, 0, 0]},
			"faces": {
				"north": {"uv": [0, 0, 0.5, 5], "texture": "#1"},
				"east": {"uv": [6, 11, 16, 16], "texture": "#1"},
				"south": {"uv": [0, 0, 0.5, 5], "texture": "#1"},
				"west": {"uv": [6, 11, 16, 16], "texture": "#1"},
				"up": {"uv": [0, 0, 0.5, 10], "rotation": 180, "texture": "#1"},
				"down": {"uv": [0, 0, 0.5, 10], "rotation": 180, "texture": "#1"}
			}
		},
		{
			"from": [4, 16, 0],
			"to": [8, 19, 0.5],
			"rotation": {"angle": -45, "axis": "y", "origin": [0, 0, 0]},
			"faces": {
				"north": {"uv": [6, 11, 16, 16], "texture": "#1"},
				"east": {"uv": [0, 0, 0.5, 5], "texture": "#1"},
				"south": {"uv": [6, 11, 16, 16], "texture": "#1"},
				"west": {"uv": [0, 0, 0.5, 5], "texture": "#1"},
				"up": {"uv": [0, 0, 0.5, 10], "rotation": 90, "texture": "#1"},
				"down": {"uv": [0, 0, 0.5, 10], "rotation": 270, "texture": "#1"}
			}
		},
		{
			"from": [16, 16, -0.5],
			"to": [19, 19, 0],
			"rotation": {"angle": -45, "axis": "y", "origin": [0, 0, 0]},
			"faces": {
				"north": {"uv": [6, 11, 16, 16], "texture": "#1"},
				"east": {"uv": [0, 0, 0.5, 5], "texture": "#1"},
				"south": {"uv": [6, 11, 16, 16], "texture": "#1"},
				"west": {"uv": [0, 0, 0.5, 5], "texture": "#1"},
				"up": {"uv": [0, 0, 0.5, 10], "rotation": 270, "texture": "#1"},
				"down": {"uv": [0, 0, 0.5, 10], "rotation": 90, "texture": "#1"}
			}
		},
		{
			"from": [12, 13, 8.5],
			"to": [18, 18, 9],
			"faces": {
				"north": {"uv": [6, 11, 16, 16], "texture": "#1"},
				"east": {"uv": [0, 0, 0.5, 5], "texture": "#1"},
				"south": {"uv": [6, 11, 16, 16], "texture": "#1"},
				"west": {"uv": [0, 0, 0.5, 5], "texture": "#1"},
				"up": {"uv": [0, 0, 0.5, 10], "rotation": 270, "texture": "#1"},
				"down": {"uv": [0, 0, 0.5, 10], "rotation": 90, "texture": "#1"}
			}
		},
		{
			"from": [2, 16, 8],
			"to": [5, 22, 8.5],
			"faces": {
				"north": {"uv": [6, 11, 16, 16], "texture": "#1"},
				"east": {"uv": [0, 0, 0.5, 5], "texture": "#1"},
				"south": {"uv": [6, 11, 16, 16], "texture": "#1"},
				"west": {"uv": [0, 0, 0.5, 5], "texture": "#1"},
				"up": {"uv": [0, 0, 0.5, 10], "rotation": 90, "texture": "#1"},
				"down": {"uv": [0, 0, 0.5, 10], "rotation": 270, "texture": "#1"}
			}
		},
		{
			"from": [-6, 16, 11],
			"to": [-4, 21, 11.5],
			"rotation": {"angle": 45, "axis": "y", "origin": [0, 0, 0]},
			"faces": {
				"north": {"uv": [6, 11, 16, 16], "texture": "#1"},
				"east": {"uv": [0, 0, 0.5, 5], "texture": "#1"},
				"south": {"uv": [6, 11, 16, 16], "texture": "#1"},
				"west": {"uv": [0, 0, 0.5, 5], "texture": "#1"},
				"up": {"uv": [0, 0, 0.5, 10], "rotation": 90, "texture": "#1"},
				"down": {"uv": [0, 0, 0.5, 10], "rotation": 270, "texture": "#1"}
			}
		},
		{
			"from": [8, 16, 12],
			"to": [8.5, 23, 16],
			"faces": {
				"north": {"uv": [0, 0, 0.5, 5], "texture": "#1"},
				"east": {"uv": [6, 11, 16, 16], "texture": "#1"},
				"south": {"uv": [0, 0, 0.5, 5], "texture": "#1"},
				"west": {"uv": [6, 11, 16, 16], "texture": "#1"},
				"up": {"uv": [0, 0, 0.5, 10], "texture": "#1"},
				"down": {"uv": [0, 0, 0.5, 10], "texture": "#1"}
			}
		},
		{
			"from": [7.5, 18, 2],
			"to": [8, 24, 5],
			"faces": {
				"north": {"uv": [0, 0, 0.5, 5], "texture": "#1"},
				"east": {"uv": [6, 11, 16, 16], "texture": "#1"},
				"south": {"uv": [0, 0, 0.5, 5], "texture": "#1"},
				"west": {"uv": [6, 11, 16, 16], "texture": "#1"},
				"up": {"uv": [0, 0, 0.5, 10], "rotation": 180, "texture": "#1"},
				"down": {"uv": [0, 0, 0.5, 10], "rotation": 180, "texture": "#1"}
			}
		},
		{
			"from": [11.5, 20, -8],
			"to": [12, 23, -4],
			"rotation": {"angle": -45, "axis": "y", "origin": [0, 0, 0]},
			"faces": {
				"north": {"uv": [0, 0, 0.5, 5], "texture": "#1"},
				"east": {"uv": [6, 11, 16, 16], "texture": "#1"},
				"south": {"uv": [0, 0, 0.5, 5], "texture": "#1"},
				"west": {"uv": [6, 11, 16, 16], "texture": "#1"},
				"up": {"uv": [0, 0, 0.5, 10], "rotation": 180, "texture": "#1"},
				"down": {"uv": [0, 0, 0.5, 10], "rotation": 180, "texture": "#1"}
			}
		},
		{
			"from": [12, 18, 8.5],
			"to": [16, 21, 9],
			"faces": {
				"north": {"uv": [6, 11, 16, 16], "texture": "#1"},
				"east": {"uv": [0, 0, 0.5, 5], "texture": "#1"},
				"south": {"uv": [6, 11, 16, 16], "texture": "#1"},
				"west": {"uv": [0, 0, 0.5, 5], "texture": "#1"},
				"up": {"uv": [0, 0, 0.5, 10], "rotation": 270, "texture": "#1"},
				"down": {"uv": [0, 0, 0.5, 10], "rotation": 90, "texture": "#1"}
			}
		},
		{
			"from": [1, 0, 0],
			"to": [8, 8, 0.5],
			"rotation": {"angle": -45, "axis": "y", "origin": [0, 0, 0]},
			"faces": {
				"north": {"uv": [0, 0, 7, 8], "texture": "#1"},
				"east": {"uv": [0, 0, 0.5, 8], "texture": "#1"},
				"south": {"uv": [0, 0, 7, 8], "texture": "#1"},
				"west": {"uv": [0, 0, 0.5, 8], "texture": "#1"},
				"up": {"uv": [0, 0, 0.5, 7], "rotation": 90, "texture": "#1"},
				"down": {"uv": [0, 0, 0.5, 7], "rotation": 270, "texture": "#1"}
			}
		},
		{
			"from": [16, 0, -0.5],
			"to": [23, 8, 0],
			"rotation": {"angle": -45, "axis": "y", "origin": [0, 0, 0]},
			"faces": {
				"north": {"uv": [0, 0, 7, 8], "texture": "#1"},
				"east": {"uv": [0, 0, 0.5, 8], "texture": "#1"},
				"south": {"uv": [0, 0, 7, 8], "texture": "#1"},
				"west": {"uv": [0, 0, 0.5, 8], "texture": "#1"},
				"up": {"uv": [0, 0, 0.5, 7], "rotation": 270, "texture": "#1"},
				"down": {"uv": [0, 0, 0.5, 7], "rotation": 90, "texture": "#1"}
			}
		},
		{
			"from": [-3, 0, 8],
			"to": [5, 8, 8.5],
			"faces": {
				"north": {"uv": [0, 0, 8, 8], "texture": "#1"},
				"east": {"uv": [0, 0, 0.5, 8], "texture": "#1"},
				"south": {"uv": [0, 0, 8, 8], "texture": "#1"},
				"west": {"uv": [0, 0, 0.5, 8], "texture": "#1"},
				"up": {"uv": [0, 0, 0.5, 8], "rotation": 90, "texture": "#1"},
				"down": {"uv": [0, 0, 0.5, 8], "rotation": 270, "texture": "#1"}
			}
		},
		{
			"from": [-11, 0, 11],
			"to": [-4, 8, 11.5],
			"rotation": {"angle": 45, "axis": "y", "origin": [0, 0, 0]},
			"faces": {
				"north": {"uv": [0, 0, 7, 8], "texture": "#1"},
				"east": {"uv": [0, 0, 0.5, 8], "texture": "#1"},
				"south": {"uv": [0, 0, 7, 8], "texture": "#1"},
				"west": {"uv": [0, 0, 0.5, 8], "texture": "#1"},
				"up": {"uv": [0, 0, 0.5, 7], "rotation": 90, "texture": "#1"},
				"down": {"uv": [0, 0, 0.5, 7], "rotation": 270, "texture": "#1"}
			}
		},
		{
			"from": [8, 0, 12],
			"to": [8.5, 8, 21],
			"faces": {
				"north": {"uv": [0, 0, 0.5, 8], "texture": "#1"},
				"east": {"uv": [0, 0, 9, 8], "texture": "#1"},
				"south": {"uv": [0, 0, 0.5, 8], "texture": "#1"},
				"west": {"uv": [0, 0, 9, 8], "texture": "#1"},
				"up": {"uv": [0, 0, 0.5, 9], "texture": "#1"},
				"down": {"uv": [0, 0, 0.5, 9], "texture": "#1"}
			}
		},
		{
			"from": [7.5, 0, -4],
			"to": [8, 8, 5],
			"faces": {
				"north": {"uv": [0, 0, 0.5, 8], "texture": "#1"},
				"east": {"uv": [4, 8, 13, 16], "texture": "#1"},
				"south": {"uv": [0, 0, 0.5, 8], "texture": "#1"},
				"west": {"uv": [0, 0, 9, 8], "texture": "#1"},
				"up": {"uv": [0, 0, 0.5, 9], "rotation": 180, "texture": "#1"},
				"down": {"uv": [0, 0, 0.5, 9], "rotation": 180, "texture": "#1"}
			}
		},
		{
			"from": [11.5, 0, -11],
			"to": [12, 8, -4],
			"rotation": {"angle": -45, "axis": "y", "origin": [0, 0, 0]},
			"faces": {
				"north": {"uv": [0, 0, 0.5, 8], "texture": "#1"},
				"east": {"uv": [4, 8, 11, 16], "texture": "#1"},
				"south": {"uv": [0, 0, 0.5, 8], "texture": "#1"},
				"west": {"uv": [0, 0, 7, 8], "texture": "#1"},
				"up": {"uv": [0, 0, 0.5, 7], "rotation": 180, "texture": "#1"},
				"down": {"uv": [0, 0, 0.5, 7], "rotation": 180, "texture": "#1"}
			}
		},
		{
			"from": [12, 0, 8.5],
			"to": [20, 8, 9],
			"faces": {
				"north": {"uv": [0, 0, 8, 8], "texture": "#1"},
				"east": {"uv": [0, 0, 0.5, 8], "texture": "#1"},
				"south": {"uv": [4, 8, 12, 16], "texture": "#1"},
				"west": {"uv": [0, 0, 0.5, 8], "texture": "#1"},
				"up": {"uv": [0, 0, 0.5, 8], "rotation": 270, "texture": "#1"},
				"down": {"uv": [0, 0, 0.5, 8], "rotation": 90, "texture": "#1"}
			}
		}
	],
	"display": {
		"thirdperson_righthand": {
			"rotation": [90, 0, 0],
			"translation": [-6, -2, -4]
		}
	}
}