{
	"__comment": "Designed by MoTy with Cubik Studio - https://cubik.studio",
	"textures": {
		"particle": "blocks/e_particle",
		"texture": "blocks/e_texture",
		"magic_circle": "item/magic_circle4"
	},
	"elements": [
		{
			"__comment": "Box1",
			"from": [ 0, 8, 3.75 ],
			"to": [ 15.875, 9, 13.125 ],
			"faces": {
				"down": { "uv": [ 0, 13.125, 15.875, 3.75 ], "texture": "#magic_circle" },
				"up": { "uv": [ 0, 3.75, 15.875, 13.125 ], "texture": "#magic_circle" },
				"north": { "uv": [ 15.875, 3.75, 0, 3.875 ], "texture": "#magic_circle" },
				"south": { "uv": [ 0, 13, 15.875, 13.125 ], "texture": "#magic_circle" },
				"west": { "uv": [ 0, 3.75, 0.125, 13.125 ], "texture": "#magic_circle", "rotation": 270 },
				"east": { "uv": [ 15.875, 13.125, 15.75, 3.75 ], "texture": "#magic_circle", "rotation": 270 }
			}
		},
		{
			"__comment": "Box2",
			"from": [ 0.125, 8, 3.5 ],
			"to": [ 15.875, 9, 13.25 ],
			"faces": {
				"down": { "uv": [ 0.125, 13.25, 15.875, 3.5 ], "texture": "#magic_circle" },
				"up": { "uv": [ 0.125, 3.5, 15.875, 13.25 ], "texture": "#magic_circle" },
				"north": { "uv": [ 15.875, 3.5, 0.125, 3.625 ], "texture": "#magic_circle" },
				"south": { "uv": [ 0.125, 13.125, 15.875, 13.25 ], "texture": "#magic_circle" },
				"west": { "uv": [ 0.125, 3.5, 0.25, 13.25 ], "texture": "#magic_circle", "rotation": 270 },
				"east": { "uv": [ 15.875, 13.25, 15.75, 3.5 ], "texture": "#magic_circle", "rotation": 270 }
			}
		},
		{
			"__comment": "Box3",
			"from": [ 0.25, 8, 3.25 ],
			"to": [ 15.625, 9, 13.5 ],
			"faces": {
				"down": { "uv": [ 0.25, 13.5, 15.625, 3.25 ], "texture": "#magic_circle" },
				"up": { "uv": [ 0.25, 3.25, 15.625, 13.5 ], "texture": "#magic_circle" },
				"north": { "uv": [ 15.625, 3.25, 0.25, 3.375 ], "texture": "#magic_circle" },
				"south": { "uv": [ 0.25, 13.375, 15.625, 13.5 ], "texture": "#magic_circle" },
				"west": { "uv": [ 0.25, 3.25, 0.375, 13.5 ], "texture": "#magic_circle", "rotation": 270 },
				"east": { "uv": [ 15.625, 13.5, 15.5, 3.25 ], "texture": "#magic_circle", "rotation": 270 }
			}
		},
		{
			"__comment": "Box4",
			"from": [ 0.375, 8, 3.125 ],
			"to": [ 15.5, 9, 13.625 ],
			"faces": {
				"down": { "uv": [ 0.375, 13.625, 15.5, 3.125 ], "texture": "#magic_circle" },
				"up": { "uv": [ 0.375, 3.125, 15.5, 13.625 ], "texture": "#magic_circle" },
				"north": { "uv": [ 15.5, 3.125, 0.375, 3.25 ], "texture": "#magic_circle" },
				"south": { "uv": [ 0.375, 13.5, 15.5, 13.625 ], "texture": "#magic_circle" },
				"west": { "uv": [ 0.375, 3.125, 0.5, 13.625 ], "texture": "#magic_circle", "rotation": 270 },
				"east": { "uv": [ 15.5, 13.625, 15.375, 3.125 ], "texture": "#magic_circle", "rotation": 270 }
			}
		},
		{
			"__comment": "Box5",
			"from": [ 0.5, 8, 2.875 ],
			"to": [ 15.25, 9, 13.875 ],
			"faces": {
				"down": { "uv": [ 0.5, 13.875, 15.25, 2.875 ], "texture": "#magic_circle" },
				"up": { "uv": [ 0.5, 2.875, 15.25, 13.875 ], "texture": "#magic_circle" },
				"north": { "uv": [ 15.25, 2.875, 0.5, 3 ], "texture": "#magic_circle" },
				"south": { "uv": [ 0.5, 13.75, 15.25, 13.875 ], "texture": "#magic_circle" },
				"west": { "uv": [ 0.5, 2.875, 0.625, 13.875 ], "texture": "#magic_circle", "rotation": 270 },
				"east": { "uv": [ 15.25, 13.875, 15.125, 2.875 ], "texture": "#magic_circle", "rotation": 270 }
			}
		},
		{
			"__comment": "Box6",
			"from": [ 0.625, 8, 2.75 ],
			"to": [ 15.125, 9, 14 ],
			"faces": {
				"down": { "uv": [ 0.625, 14, 15.125, 2.75 ], "texture": "#magic_circle" },
				"up": { "uv": [ 0.625, 2.75, 15.125, 14 ], "texture": "#magic_circle" },
				"north": { "uv": [ 15.125, 2.75, 0.625, 2.875 ], "texture": "#magic_circle" },
				"south": { "uv": [ 0.625, 13.875, 15.125, 14 ], "texture": "#magic_circle" },
				"west": { "uv": [ 0.625, 2.75, 0.75, 14 ], "texture": "#magic_circle", "rotation": 270 },
				"east": { "uv": [ 15.125, 14, 15, 2.75 ], "texture": "#magic_circle", "rotation": 270 }
			}
		},
		{
			"__comment": "Box7",
			"from": [ 0.75, 8, 2.625 ],
			"to": [ 15, 9, 14.125 ],
			"faces": {
				"down": { "uv": [ 0.75, 14.125, 15, 2.625 ], "texture": "#magic_circle" },
				"up": { "uv": [ 0.75, 2.625, 15, 14.125 ], "texture": "#magic_circle" },
				"north": { "uv": [ 15, 2.625, 0.75, 2.75 ], "texture": "#magic_circle" },
				"south": { "uv": [ 0.75, 14, 15, 14.125 ], "texture": "#magic_circle" },
				"west": { "uv": [ 0.75, 2.625, 0.875, 14.125 ], "texture": "#magic_circle", "rotation": 270 },
				"east": { "uv": [ 15, 14.125, 14.875, 2.625 ], "texture": "#magic_circle", "rotation": 270 }
			}
		},
		{
			"__comment": "Box8",
			"from": [ 0.875, 8, 2.5 ],
			"to": [ 14.875, 9, 14.375 ],
			"faces": {
				"down": { "uv": [ 0.875, 14.375, 14.875, 2.5 ], "texture": "#magic_circle" },
				"up": { "uv": [ 0.875, 2.5, 14.875, 14.375 ], "texture": "#magic_circle" },
				"north": { "uv": [ 14.875, 2.5, 0.875, 2.625 ], "texture": "#magic_circle" },
				"south": { "uv": [ 0.875, 14.25, 14.875, 14.375 ], "texture": "#magic_circle" },
				"west": { "uv": [ 0.875, 2.5, 1, 14.375 ], "texture": "#magic_circle", "rotation": 270 },
				"east": { "uv": [ 14.875, 14.375, 14.75, 2.5 ], "texture": "#magic_circle", "rotation": 270 }
			}
		},
		{
			"__comment": "Box9",
			"from": [ 1, 8, 2.25 ],
			"to": [ 14.75, 9, 14.5 ],
			"faces": {
				"down": { "uv": [ 1, 14.5, 14.75, 2.25 ], "texture": "#magic_circle" },
				"up": { "uv": [ 1, 2.25, 14.75, 14.5 ], "texture": "#magic_circle" },
				"north": { "uv": [ 14.75, 2.25, 1, 2.375 ], "texture": "#magic_circle" },
				"south": { "uv": [ 1, 14.375, 14.75, 14.5 ], "texture": "#magic_circle" },
				"west": { "uv": [ 1, 2.25, 1.125, 14.5 ], "texture": "#magic_circle", "rotation": 270 },
				"east": { "uv": [ 14.75, 14.5, 14.625, 2.25 ], "texture": "#magic_circle", "rotation": 270 }
			}
		},
		{
			"__comment": "Box10",
			"from": [ 1.125, 8, 2.125 ],
			"to": [ 14.625, 9, 14.625 ],
			"faces": {
				"down": { "uv": [ 1.125, 14.625, 14.625, 2.125 ], "texture": "#magic_circle" },
				"up": { "uv": [ 1.125, 2.125, 14.625, 14.625 ], "texture": "#magic_circle" },
				"north": { "uv": [ 14.625, 2.125, 1.125, 2.25 ], "texture": "#magic_circle" },
				"south": { "uv": [ 1.125, 14.5, 14.625, 14.625 ], "texture": "#magic_circle" },
				"west": { "uv": [ 1.125, 2.125, 1.25, 14.625 ], "texture": "#magic_circle", "rotation": 270 },
				"east": { "uv": [ 14.625, 14.625, 14.5, 2.125 ], "texture": "#magic_circle", "rotation": 270 }
			}
		},
		{
			"__comment": "Box11",
			"from": [ 1.25, 8, 2 ],
			"to": [ 14.625, 9, 14.75 ],
			"faces": {
				"down": { "uv": [ 1.25, 14.75, 14.625, 2 ], "texture": "#magic_circle" },
				"up": { "uv": [ 1.25, 2, 14.625, 14.75 ], "texture": "#magic_circle" },
				"north": { "uv": [ 14.625, 2, 1.25, 2.125 ], "texture": "#magic_circle" },
				"south": { "uv": [ 1.25, 14.625, 14.625, 14.75 ], "texture": "#magic_circle" },
				"west": { "uv": [ 1.25, 2, 1.375, 14.75 ], "texture": "#magic_circle", "rotation": 270 },
				"east": { "uv": [ 14.625, 14.75, 14.5, 2 ], "texture": "#magic_circle", "rotation": 270 }
			}
		},
		{
			"__comment": "Box12",
			"from": [ 1.375, 8, 1.875 ],
			"to": [ 14.625, 9, 14.875 ],
			"faces": {
				"down": { "uv": [ 1.375, 14.875, 14.625, 1.875 ], "texture": "#magic_circle" },
				"up": { "uv": [ 1.375, 1.875, 14.625, 14.875 ], "texture": "#magic_circle" },
				"north": { "uv": [ 14.625, 1.875, 1.375, 2 ], "texture": "#magic_circle" },
				"south": { "uv": [ 1.375, 14.75, 14.625, 14.875 ], "texture": "#magic_circle" },
				"west": { "uv": [ 1.375, 1.875, 1.5, 14.875 ], "texture": "#magic_circle", "rotation": 270 },
				"east": { "uv": [ 14.625, 14.875, 14.5, 1.875 ], "texture": "#magic_circle", "rotation": 270 }
			}
		},
		{
			"__comment": "Box13",
			"from": [ 1.5, 8, 1.75 ],
			"to": [ 15.625, 9, 1.875 ],
			"faces": {
				"down": { "uv": [ 1.5, 1.875, 15.625, 1.75 ], "texture": "#magic_circle" },
				"up": { "uv": [ 1.5, 1.75, 15.625, 1.875 ], "texture": "#magic_circle" },
				"north": { "uv": [ 15.625, 1.75, 1.5, 1.875 ], "texture": "#magic_circle" },
				"south": { "uv": [ 1.5, 1.75, 15.625, 1.875 ], "texture": "#magic_circle" },
				"west": { "uv": [ 1.5, 1.75, 1.625, 1.875 ], "texture": "#magic_circle", "rotation": 270 },
				"east": { "uv": [ 15.625, 1.875, 15.5, 1.75 ], "texture": "#magic_circle", "rotation": 270 }
			}
		},
		{
			"__comment": "Box14",
			"from": [ 1.5, 8, 14.875 ],
			"to": [ 14.625, 9, 15 ],
			"faces": {
				"down": { "uv": [ 1.5, 15, 14.625, 14.875 ], "texture": "#magic_circle" },
				"up": { "uv": [ 1.5, 14.875, 14.625, 15 ], "texture": "#magic_circle" },
				"north": { "uv": [ 14.625, 14.875, 1.5, 15 ], "texture": "#magic_circle" },
				"south": { "uv": [ 1.5, 14.875, 14.625, 15 ], "texture": "#magic_circle" },
				"west": { "uv": [ 1.5, 14.875, 1.625, 15 ], "texture": "#magic_circle", "rotation": 270 },
				"east": { "uv": [ 14.625, 15, 14.5, 14.875 ], "texture": "#magic_circle", "rotation": 270 }
			}
		},
		{
			"__comment": "Box15",
			"from": [ 1.625, 8, 1.625 ],
			"to": [ 15.75, 9, 1.75 ],
			"faces": {
				"down": { "uv": [ 1.625, 1.75, 15.75, 1.625 ], "texture": "#magic_circle" },
				"up": { "uv": [ 1.625, 1.625, 15.75, 1.75 ], "texture": "#magic_circle" },
				"north": { "uv": [ 15.75, 1.625, 1.625, 1.75 ], "texture": "#magic_circle" },
				"south": { "uv": [ 1.625, 1.625, 15.75, 1.75 ], "texture": "#magic_circle" },
				"west": { "uv": [ 1.625, 1.625, 1.75, 1.75 ], "texture": "#magic_circle", "rotation": 270 },
				"east": { "uv": [ 15.75, 1.75, 15.625, 1.625 ], "texture": "#magic_circle", "rotation": 270 }
			}
		},
		{
			"__comment": "Box16",
			"from": [ 1.625, 8, 15 ],
			"to": [ 14.5, 9, 15.125 ],
			"faces": {
				"down": { "uv": [ 1.625, 15.125, 14.5, 15 ], "texture": "#magic_circle" },
				"up": { "uv": [ 1.625, 15, 14.5, 15.125 ], "texture": "#magic_circle" },
				"north": { "uv": [ 14.5, 15, 1.625, 15.125 ], "texture": "#magic_circle" },
				"south": { "uv": [ 1.625, 15, 14.5, 15.125 ], "texture": "#magic_circle" },
				"west": { "uv": [ 1.625, 15, 1.75, 15.125 ], "texture": "#magic_circle", "rotation": 270 },
				"east": { "uv": [ 14.5, 15.125, 14.375, 15 ], "texture": "#magic_circle", "rotation": 270 }
			}
		},
		{
			"__comment": "Box17",
			"from": [ 1.75, 8, 1.5 ],
			"to": [ 14.125, 9, 1.625 ],
			"faces": {
				"down": { "uv": [ 1.75, 1.625, 14.125, 1.5 ], "texture": "#magic_circle" },
				"up": { "uv": [ 1.75, 1.5, 14.125, 1.625 ], "texture": "#magic_circle" },
				"north": { "uv": [ 14.125, 1.5, 1.75, 1.625 ], "texture": "#magic_circle" },
				"south": { "uv": [ 1.75, 1.5, 14.125, 1.625 ], "texture": "#magic_circle" },
				"west": { "uv": [ 1.75, 1.5, 1.875, 1.625 ], "texture": "#magic_circle", "rotation": 270 },
				"east": { "uv": [ 14.125, 1.625, 14, 1.5 ], "texture": "#magic_circle", "rotation": 270 }
			}
		},
		{
			"__comment": "Box18",
			"from": [ 1.875, 8, 15.125 ],
			"to": [ 14.375, 9, 15.25 ],
			"faces": {
				"down": { "uv": [ 1.875, 15.25, 14.375, 15.125 ], "texture": "#magic_circle" },
				"up": { "uv": [ 1.875, 15.125, 14.375, 15.25 ], "texture": "#magic_circle" },
				"north": { "uv": [ 14.375, 15.125, 1.875, 15.25 ], "texture": "#magic_circle" },
				"south": { "uv": [ 1.875, 15.125, 14.375, 15.25 ], "texture": "#magic_circle" },
				"west": { "uv": [ 1.875, 15.125, 2, 15.25 ], "texture": "#magic_circle", "rotation": 270 },
				"east": { "uv": [ 14.375, 15.25, 14.25, 15.125 ], "texture": "#magic_circle", "rotation": 270 }
			}
		},
		{
			"__comment": "Box19",
			"from": [ 2, 8, 1.375 ],
			"to": [ 14, 9, 15.375 ],
			"faces": {
				"down": { "uv": [ 2, 15.375, 14, 1.375 ], "texture": "#magic_circle" },
				"up": { "uv": [ 2, 1.375, 14, 15.375 ], "texture": "#magic_circle" },
				"north": { "uv": [ 14, 1.375, 2, 1.5 ], "texture": "#magic_circle" },
				"south": { "uv": [ 2, 15.25, 14, 15.375 ], "texture": "#magic_circle" },
				"west": { "uv": [ 2, 1.375, 2.125, 15.375 ], "texture": "#magic_circle", "rotation": 270 },
				"east": { "uv": [ 14, 15.375, 13.875, 1.375 ], "texture": "#magic_circle", "rotation": 270 }
			}
		},
		{
			"__comment": "Box20",
			"from": [ 2.125, 8, 1.25 ],
			"to": [ 13.875, 9, 15.5 ],
			"faces": {
				"down": { "uv": [ 2.125, 15.5, 13.875, 1.25 ], "texture": "#magic_circle" },
				"up": { "uv": [ 2.125, 1.25, 13.875, 15.5 ], "texture": "#magic_circle" },
				"north": { "uv": [ 13.875, 1.25, 2.125, 1.375 ], "texture": "#magic_circle" },
				"south": { "uv": [ 2.125, 15.375, 13.875, 15.5 ], "texture": "#magic_circle" },
				"west": { "uv": [ 2.125, 1.25, 2.25, 15.5 ], "texture": "#magic_circle", "rotation": 270 },
				"east": { "uv": [ 13.875, 15.5, 13.75, 1.25 ], "texture": "#magic_circle", "rotation": 270 }
			}
		},
		{
			"__comment": "Box21",
			"from": [ 2.25, 8, 1.125 ],
			"to": [ 13.75, 9, 1.25 ],
			"faces": {
				"down": { "uv": [ 2.25, 1.25, 13.75, 1.125 ], "texture": "#magic_circle" },
				"up": { "uv": [ 2.25, 1.125, 13.75, 1.25 ], "texture": "#magic_circle" },
				"north": { "uv": [ 13.75, 1.125, 2.25, 1.25 ], "texture": "#magic_circle" },
				"south": { "uv": [ 2.25, 1.125, 13.75, 1.25 ], "texture": "#magic_circle" },
				"west": { "uv": [ 2.25, 1.125, 2.375, 1.25 ], "texture": "#magic_circle", "rotation": 270 },
				"east": { "uv": [ 13.75, 1.25, 13.625, 1.125 ], "texture": "#magic_circle", "rotation": 270 }
			}
		},
		{
			"__comment": "Box22",
			"from": [ 2.375, 8, 1 ],
			"to": [ 13.75, 9, 15.625 ],
			"faces": {
				"down": { "uv": [ 2.375, 15.625, 13.75, 1 ], "texture": "#magic_circle" },
				"up": { "uv": [ 2.375, 1, 13.75, 15.625 ], "texture": "#magic_circle" },
				"north": { "uv": [ 13.75, 1, 2.375, 1.125 ], "texture": "#magic_circle" },
				"south": { "uv": [ 2.375, 15.5, 13.75, 15.625 ], "texture": "#magic_circle" },
				"west": { "uv": [ 2.375, 1, 2.5, 15.625 ], "texture": "#magic_circle", "rotation": 270 },
				"east": { "uv": [ 13.75, 15.625, 13.625, 1 ], "texture": "#magic_circle", "rotation": 270 }
			}
		},
		{
			"__comment": "Box23",
			"from": [ 2.5, 8, 0.875 ],
			"to": [ 13.75, 9, 1 ],
			"faces": {
				"down": { "uv": [ 2.5, 1, 13.75, 0.875 ], "texture": "#magic_circle" },
				"up": { "uv": [ 2.5, 0.875, 13.75, 1 ], "texture": "#magic_circle" },
				"north": { "uv": [ 13.75, 0.875, 2.5, 1 ], "texture": "#magic_circle" },
				"south": { "uv": [ 2.5, 0.875, 13.75, 1 ], "texture": "#magic_circle" },
				"west": { "uv": [ 2.5, 0.875, 2.625, 1 ], "texture": "#magic_circle", "rotation": 270 },
				"east": { "uv": [ 13.75, 1, 13.625, 0.875 ], "texture": "#magic_circle", "rotation": 270 }
			}
		},
		{
			"__comment": "Box24",
			"from": [ 2.75, 8, 0.75 ],
			"to": [ 13.75, 9, 0.875 ],
			"faces": {
				"down": { "uv": [ 2.75, 0.875, 13.75, 0.75 ], "texture": "#magic_circle" },
				"up": { "uv": [ 2.75, 0.75, 13.75, 0.875 ], "texture": "#magic_circle" },
				"north": { "uv": [ 13.75, 0.75, 2.75, 0.875 ], "texture": "#magic_circle" },
				"south": { "uv": [ 2.75, 0.75, 13.75, 0.875 ], "texture": "#magic_circle" },
				"west": { "uv": [ 2.75, 0.75, 2.875, 0.875 ], "texture": "#magic_circle", "rotation": 270 },
				"east": { "uv": [ 13.75, 0.875, 13.625, 0.75 ], "texture": "#magic_circle", "rotation": 270 }
			}
		},
		{
			"__comment": "Box25",
			"from": [ 2.875, 8, 0.625 ],
			"to": [ 13.75, 9, 0.75 ],
			"faces": {
				"down": { "uv": [ 2.875, 0.75, 13.75, 0.625 ], "texture": "#magic_circle" },
				"up": { "uv": [ 2.875, 0.625, 13.75, 0.75 ], "texture": "#magic_circle" },
				"north": { "uv": [ 13.75, 0.625, 2.875, 0.75 ], "texture": "#magic_circle" },
				"south": { "uv": [ 2.875, 0.625, 13.75, 0.75 ], "texture": "#magic_circle" },
				"west": { "uv": [ 2.875, 0.625, 3, 0.75 ], "texture": "#magic_circle", "rotation": 270 },
				"east": { "uv": [ 13.75, 0.75, 13.625, 0.625 ], "texture": "#magic_circle", "rotation": 270 }
			}
		},
		{
			"__comment": "Box26",
			"from": [ 3.125, 8, 0.5 ],
			"to": [ 13.625, 9, 0.625 ],
			"faces": {
				"down": { "uv": [ 3.125, 0.625, 13.625, 0.5 ], "texture": "#magic_circle" },
				"up": { "uv": [ 3.125, 0.5, 13.625, 0.625 ], "texture": "#magic_circle" },
				"north": { "uv": [ 13.625, 0.5, 3.125, 0.625 ], "texture": "#magic_circle" },
				"south": { "uv": [ 3.125, 0.5, 13.625, 0.625 ], "texture": "#magic_circle" },
				"west": { "uv": [ 3.125, 0.5, 3.25, 0.625 ], "texture": "#magic_circle", "rotation": 270 },
				"east": { "uv": [ 13.625, 0.625, 13.5, 0.5 ], "texture": "#magic_circle", "rotation": 270 }
			}
		},
		{
			"__comment": "Box27",
			"from": [ 3.75, 8, 0.375 ],
			"to": [ 11.625, 9, 0.5 ],
			"faces": {
				"down": { "uv": [ 3.75, 0.5, 11.625, 0.375 ], "texture": "#magic_circle" },
				"up": { "uv": [ 3.75, 0.375, 11.625, 0.5 ], "texture": "#magic_circle" },
				"north": { "uv": [ 11.625, 0.375, 3.75, 0.5 ], "texture": "#magic_circle" },
				"south": { "uv": [ 3.75, 0.375, 11.625, 0.5 ], "texture": "#magic_circle" },
				"west": { "uv": [ 3.75, 0.375, 3.875, 0.5 ], "texture": "#magic_circle", "rotation": 270 },
				"east": { "uv": [ 11.625, 0.5, 11.5, 0.375 ], "texture": "#magic_circle", "rotation": 270 }
			}
		},
		{
			"__comment": "Box28",
			"from": [ 12.375, 8, 0.375 ],
			"to": [ 13.625, 9, 0.5 ],
			"faces": {
				"down": { "uv": [ 12.375, 0.5, 13.625, 0.375 ], "texture": "#magic_circle" },
				"up": { "uv": [ 12.375, 0.375, 13.625, 0.5 ], "texture": "#magic_circle" },
				"north": { "uv": [ 13.625, 0.375, 12.375, 0.5 ], "texture": "#magic_circle" },
				"south": { "uv": [ 12.375, 0.375, 13.625, 0.5 ], "texture": "#magic_circle" },
				"west": { "uv": [ 12.375, 0.375, 12.5, 0.5 ], "texture": "#magic_circle", "rotation": 270 },
				"east": { "uv": [ 13.625, 0.5, 13.5, 0.375 ], "texture": "#magic_circle", "rotation": 270 }
			}
		},
		{
			"__comment": "Box29",
			"from": [ 13.75, 8, 15.5 ],
			"to": [ 13.875, 9, 15.625 ],
			"faces": {
				"down": { "uv": [ 13.75, 15.625, 13.875, 15.5 ], "texture": "#magic_circle" },
				"up": { "uv": [ 13.75, 15.5, 13.875, 15.625 ], "texture": "#magic_circle" },
				"north": { "uv": [ 13.875, 15.5, 13.75, 15.625 ], "texture": "#magic_circle" },
				"south": { "uv": [ 13.75, 15.5, 13.875, 15.625 ], "texture": "#magic_circle" },
				"west": { "uv": [ 13.75, 15.5, 13.875, 15.625 ], "texture": "#magic_circle", "rotation": 270 },
				"east": { "uv": [ 13.875, 15.625, 13.75, 15.5 ], "texture": "#magic_circle", "rotation": 270 }
			}
		},
		{
			"__comment": "Box30",
			"from": [ 13.875, 8, 15.375 ],
			"to": [ 14, 9, 15.5 ],
			"faces": {
				"down": { "uv": [ 13.875, 15.5, 14, 15.375 ], "texture": "#magic_circle" },
				"up": { "uv": [ 13.875, 15.375, 14, 15.5 ], "texture": "#magic_circle" },
				"north": { "uv": [ 14, 15.375, 13.875, 15.5 ], "texture": "#magic_circle" },
				"south": { "uv": [ 13.875, 15.375, 14, 15.5 ], "texture": "#magic_circle" },
				"west": { "uv": [ 13.875, 15.375, 14, 15.5 ], "texture": "#magic_circle", "rotation": 270 },
				"east": { "uv": [ 14, 15.5, 13.875, 15.375 ], "texture": "#magic_circle", "rotation": 270 }
			}
		},
		{
			"__comment": "Box31",
			"from": [ 14, 8, 15.25 ],
			"to": [ 14.125, 9, 15.375 ],
			"faces": {
				"down": { "uv": [ 14, 15.375, 14.125, 15.25 ], "texture": "#magic_circle" },
				"up": { "uv": [ 14, 15.25, 14.125, 15.375 ], "texture": "#magic_circle" },
				"north": { "uv": [ 14.125, 15.25, 14, 15.375 ], "texture": "#magic_circle" },
				"south": { "uv": [ 14, 15.25, 14.125, 15.375 ], "texture": "#magic_circle" },
				"west": { "uv": [ 14, 15.25, 14.125, 15.375 ], "texture": "#magic_circle", "rotation": 270 },
				"east": { "uv": [ 14.125, 15.375, 14, 15.25 ], "texture": "#magic_circle", "rotation": 270 }
			}
		},
		{
			"__comment": "Box32",
			"from": [ 14.375, 8, 1 ],
			"to": [ 15.875, 9, 1.625 ],
			"faces": {
				"down": { "uv": [ 14.375, 1.625, 15.875, 1 ], "texture": "#magic_circle" },
				"up": { "uv": [ 14.375, 1, 15.875, 1.625 ], "texture": "#magic_circle" },
				"north": { "uv": [ 15.875, 1, 14.375, 1.125 ], "texture": "#magic_circle" },
				"south": { "uv": [ 14.375, 1.5, 15.875, 1.625 ], "texture": "#magic_circle" },
				"west": { "uv": [ 14.375, 1, 14.5, 1.625 ], "texture": "#magic_circle", "rotation": 270 },
				"east": { "uv": [ 15.875, 1.625, 15.75, 1 ], "texture": "#magic_circle", "rotation": 270 }
			}
		},
		{
			"__comment": "Box33",
			"from": [ 14.5, 8, 0.75 ],
			"to": [ 15.875, 9, 1 ],
			"faces": {
				"down": { "uv": [ 14.5, 1, 15.875, 0.75 ], "texture": "#magic_circle" },
				"up": { "uv": [ 14.5, 0.75, 15.875, 1 ], "texture": "#magic_circle" },
				"north": { "uv": [ 15.875, 0.75, 14.5, 0.875 ], "texture": "#magic_circle" },
				"south": { "uv": [ 14.5, 0.875, 15.875, 1 ], "texture": "#magic_circle" },
				"west": { "uv": [ 14.5, 0.75, 14.625, 1 ], "texture": "#magic_circle", "rotation": 270 },
				"east": { "uv": [ 15.875, 1, 15.75, 0.75 ], "texture": "#magic_circle", "rotation": 270 }
			}
		},
		{
			"__comment": "Box34",
			"from": [ 14.625, 8, 0.625 ],
			"to": [ 15.75, 9, 0.75 ],
			"faces": {
				"down": { "uv": [ 14.625, 0.75, 15.75, 0.625 ], "texture": "#magic_circle" },
				"up": { "uv": [ 14.625, 0.625, 15.75, 0.75 ], "texture": "#magic_circle" },
				"north": { "uv": [ 15.75, 0.625, 14.625, 0.75 ], "texture": "#magic_circle" },
				"south": { "uv": [ 14.625, 0.625, 15.75, 0.75 ], "texture": "#magic_circle" },
				"west": { "uv": [ 14.625, 0.625, 14.75, 0.75 ], "texture": "#magic_circle", "rotation": 270 },
				"east": { "uv": [ 15.75, 0.75, 15.625, 0.625 ], "texture": "#magic_circle", "rotation": 270 }
			}
		},
		{
			"__comment": "Box35",
			"from": [ 14.625, 8, 14.5 ],
			"to": [ 15, 9, 14.625 ],
			"faces": {
				"down": { "uv": [ 14.625, 14.625, 15, 14.5 ], "texture": "#magic_circle" },
				"up": { "uv": [ 14.625, 14.5, 15, 14.625 ], "texture": "#magic_circle" },
				"north": { "uv": [ 15, 14.5, 14.625, 14.625 ], "texture": "#magic_circle" },
				"south": { "uv": [ 14.625, 14.5, 15, 14.625 ], "texture": "#magic_circle" },
				"west": { "uv": [ 14.625, 14.5, 14.75, 14.625 ], "texture": "#magic_circle", "rotation": 270 },
				"east": { "uv": [ 15, 14.625, 14.875, 14.5 ], "texture": "#magic_circle", "rotation": 270 }
			}
		},
		{
			"__comment": "Box36",
			"from": [ 14.625, 8, 14.625 ],
			"to": [ 14.875, 9, 14.75 ],
			"faces": {
				"down": { "uv": [ 14.625, 14.75, 14.875, 14.625 ], "texture": "#magic_circle" },
				"up": { "uv": [ 14.625, 14.625, 14.875, 14.75 ], "texture": "#magic_circle" },
				"north": { "uv": [ 14.875, 14.625, 14.625, 14.75 ], "texture": "#magic_circle" },
				"south": { "uv": [ 14.625, 14.625, 14.875, 14.75 ], "texture": "#magic_circle" },
				"west": { "uv": [ 14.625, 14.625, 14.75, 14.75 ], "texture": "#magic_circle", "rotation": 270 },
				"east": { "uv": [ 14.875, 14.75, 14.75, 14.625 ], "texture": "#magic_circle", "rotation": 270 }
			}
		},
		{
			"__comment": "Box37",
			"from": [ 14.625, 8, 14.75 ],
			"to": [ 14.75, 9, 14.875 ],
			"faces": {
				"down": { "uv": [ 14.625, 14.875, 14.75, 14.75 ], "texture": "#magic_circle" },
				"up": { "uv": [ 14.625, 14.75, 14.75, 14.875 ], "texture": "#magic_circle" },
				"north": { "uv": [ 14.75, 14.75, 14.625, 14.875 ], "texture": "#magic_circle" },
				"south": { "uv": [ 14.625, 14.75, 14.75, 14.875 ], "texture": "#magic_circle" },
				"west": { "uv": [ 14.625, 14.75, 14.75, 14.875 ], "texture": "#magic_circle", "rotation": 270 },
				"east": { "uv": [ 14.75, 14.875, 14.625, 14.75 ], "texture": "#magic_circle", "rotation": 270 }
			}
		},
		{
			"__comment": "Box38",
			"from": [ 14.75, 8, 0.5 ],
			"to": [ 15.625, 9, 0.625 ],
			"faces": {
				"down": { "uv": [ 14.75, 0.625, 15.625, 0.5 ], "texture": "#magic_circle" },
				"up": { "uv": [ 14.75, 0.5, 15.625, 0.625 ], "texture": "#magic_circle" },
				"north": { "uv": [ 15.625, 0.5, 14.75, 0.625 ], "texture": "#magic_circle" },
				"south": { "uv": [ 14.75, 0.5, 15.625, 0.625 ], "texture": "#magic_circle" },
				"west": { "uv": [ 14.75, 0.5, 14.875, 0.625 ], "texture": "#magic_circle", "rotation": 270 },
				"east": { "uv": [ 15.625, 0.625, 15.5, 0.5 ], "texture": "#magic_circle", "rotation": 270 }
			}
		},
		{
			"__comment": "Box39",
			"from": [ 14.75, 8, 2.375 ],
			"to": [ 14.875, 9, 14.5 ],
			"faces": {
				"down": { "uv": [ 14.75, 14.5, 14.875, 2.375 ], "texture": "#magic_circle" },
				"up": { "uv": [ 14.75, 2.375, 14.875, 14.5 ], "texture": "#magic_circle" },
				"north": { "uv": [ 14.875, 2.375, 14.75, 2.5 ], "texture": "#magic_circle" },
				"south": { "uv": [ 14.75, 14.375, 14.875, 14.5 ], "texture": "#magic_circle" },
				"west": { "uv": [ 14.75, 2.375, 14.875, 14.5 ], "texture": "#magic_circle", "rotation": 270 },
				"east": { "uv": [ 14.875, 14.5, 14.75, 2.375 ], "texture": "#magic_circle", "rotation": 270 }
			}
		},
		{
			"__comment": "Box40",
			"from": [ 14.875, 8, 1.875 ],
			"to": [ 15.5, 9, 2 ],
			"faces": {
				"down": { "uv": [ 14.875, 2, 15.5, 1.875 ], "texture": "#magic_circle" },
				"up": { "uv": [ 14.875, 1.875, 15.5, 2 ], "texture": "#magic_circle" },
				"north": { "uv": [ 15.5, 1.875, 14.875, 2 ], "texture": "#magic_circle" },
				"south": { "uv": [ 14.875, 1.875, 15.5, 2 ], "texture": "#magic_circle" },
				"west": { "uv": [ 14.875, 1.875, 15, 2 ], "texture": "#magic_circle", "rotation": 270 },
				"east": { "uv": [ 15.5, 2, 15.375, 1.875 ], "texture": "#magic_circle", "rotation": 270 }
			}
		},
		{
			"__comment": "Box41",
			"from": [ 14.875, 8, 14.125 ],
			"to": [ 15.375, 9, 14.25 ],
			"faces": {
				"down": { "uv": [ 14.875, 14.25, 15.375, 14.125 ], "texture": "#magic_circle" },
				"up": { "uv": [ 14.875, 14.125, 15.375, 14.25 ], "texture": "#magic_circle" },
				"north": { "uv": [ 15.375, 14.125, 14.875, 14.25 ], "texture": "#magic_circle" },
				"south": { "uv": [ 14.875, 14.125, 15.375, 14.25 ], "texture": "#magic_circle" },
				"west": { "uv": [ 14.875, 14.125, 15, 14.25 ], "texture": "#magic_circle", "rotation": 270 },
				"east": { "uv": [ 15.375, 14.25, 15.25, 14.125 ], "texture": "#magic_circle", "rotation": 270 }
			}
		},
		{
			"__comment": "Box42",
			"from": [ 14.875, 8, 14.25 ],
			"to": [ 15.25, 9, 14.375 ],
			"faces": {
				"down": { "uv": [ 14.875, 14.375, 15.25, 14.25 ], "texture": "#magic_circle" },
				"up": { "uv": [ 14.875, 14.25, 15.25, 14.375 ], "texture": "#magic_circle" },
				"north": { "uv": [ 15.25, 14.25, 14.875, 14.375 ], "texture": "#magic_circle" },
				"south": { "uv": [ 14.875, 14.25, 15.25, 14.375 ], "texture": "#magic_circle" },
				"west": { "uv": [ 14.875, 14.25, 15, 14.375 ], "texture": "#magic_circle", "rotation": 270 },
				"east": { "uv": [ 15.25, 14.375, 15.125, 14.25 ], "texture": "#magic_circle", "rotation": 270 }
			}
		},
		{
			"__comment": "Box43",
			"from": [ 14.875, 8, 14.375 ],
			"to": [ 15.125, 9, 14.5 ],
			"faces": {
				"down": { "uv": [ 14.875, 14.5, 15.125, 14.375 ], "texture": "#magic_circle" },
				"up": { "uv": [ 14.875, 14.375, 15.125, 14.5 ], "texture": "#magic_circle" },
				"north": { "uv": [ 15.125, 14.375, 14.875, 14.5 ], "texture": "#magic_circle" },
				"south": { "uv": [ 14.875, 14.375, 15.125, 14.5 ], "texture": "#magic_circle" },
				"west": { "uv": [ 14.875, 14.375, 15, 14.5 ], "texture": "#magic_circle", "rotation": 270 },
				"east": { "uv": [ 15.125, 14.5, 15, 14.375 ], "texture": "#magic_circle", "rotation": 270 }
			}
		},
		{
			"__comment": "Box44",
			"from": [ 15, 8, 14 ],
			"to": [ 15.5, 9, 14.125 ],
			"faces": {
				"down": { "uv": [ 15, 14.125, 15.5, 14 ], "texture": "#magic_circle" },
				"up": { "uv": [ 15, 14, 15.5, 14.125 ], "texture": "#magic_circle" },
				"north": { "uv": [ 15.5, 14, 15, 14.125 ], "texture": "#magic_circle" },
				"south": { "uv": [ 15, 14, 15.5, 14.125 ], "texture": "#magic_circle" },
				"west": { "uv": [ 15, 14, 15.125, 14.125 ], "texture": "#magic_circle", "rotation": 270 },
				"east": { "uv": [ 15.5, 14.125, 15.375, 14 ], "texture": "#magic_circle", "rotation": 270 }
			}
		},
		{
			"__comment": "Box45",
			"from": [ 15.125, 8, 0.375 ],
			"to": [ 15.375, 9, 0.5 ],
			"faces": {
				"down": { "uv": [ 15.125, 0.5, 15.375, 0.375 ], "texture": "#magic_circle" },
				"up": { "uv": [ 15.125, 0.375, 15.375, 0.5 ], "texture": "#magic_circle" },
				"north": { "uv": [ 15.375, 0.375, 15.125, 0.5 ], "texture": "#magic_circle" },
				"south": { "uv": [ 15.125, 0.375, 15.375, 0.5 ], "texture": "#magic_circle" },
				"west": { "uv": [ 15.125, 0.375, 15.25, 0.5 ], "texture": "#magic_circle", "rotation": 270 },
				"east": { "uv": [ 15.375, 0.5, 15.25, 0.375 ], "texture": "#magic_circle", "rotation": 270 }
			}
		},
		{
			"__comment": "Box46",
			"from": [ 15.125, 8, 13.875 ],
			"to": [ 15.5, 9, 14 ],
			"faces": {
				"down": { "uv": [ 15.125, 14, 15.5, 13.875 ], "texture": "#magic_circle" },
				"up": { "uv": [ 15.125, 13.875, 15.5, 14 ], "texture": "#magic_circle" },
				"north": { "uv": [ 15.5, 13.875, 15.125, 14 ], "texture": "#magic_circle" },
				"south": { "uv": [ 15.125, 13.875, 15.5, 14 ], "texture": "#magic_circle" },
				"west": { "uv": [ 15.125, 13.875, 15.25, 14 ], "texture": "#magic_circle", "rotation": 270 },
				"east": { "uv": [ 15.5, 14, 15.375, 13.875 ], "texture": "#magic_circle", "rotation": 270 }
			}
		},
		{
			"__comment": "Box47",
			"from": [ 15.25, 8, 3 ],
			"to": [ 15.375, 9, 13.875 ],
			"faces": {
				"down": { "uv": [ 15.25, 13.875, 15.375, 3 ], "texture": "#magic_circle" },
				"up": { "uv": [ 15.25, 3, 15.375, 13.875 ], "texture": "#magic_circle" },
				"north": { "uv": [ 15.375, 3, 15.25, 3.125 ], "texture": "#magic_circle" },
				"south": { "uv": [ 15.25, 13.75, 15.375, 13.875 ], "texture": "#magic_circle" },
				"west": { "uv": [ 15.25, 3, 15.375, 13.875 ], "texture": "#magic_circle", "rotation": 270 },
				"east": { "uv": [ 15.375, 13.875, 15.25, 3 ], "texture": "#magic_circle", "rotation": 270 }
			}
		},
		{
			"__comment": "Box48",
			"from": [ 15.375, 8, 13.625 ],
			"to": [ 15.75, 9, 13.75 ],
			"faces": {
				"down": { "uv": [ 15.375, 13.75, 15.75, 13.625 ], "texture": "#magic_circle" },
				"up": { "uv": [ 15.375, 13.625, 15.75, 13.75 ], "texture": "#magic_circle" },
				"north": { "uv": [ 15.75, 13.625, 15.375, 13.75 ], "texture": "#magic_circle" },
				"south": { "uv": [ 15.375, 13.625, 15.75, 13.75 ], "texture": "#magic_circle" },
				"west": { "uv": [ 15.375, 13.625, 15.5, 13.75 ], "texture": "#magic_circle", "rotation": 270 },
				"east": { "uv": [ 15.75, 13.75, 15.625, 13.625 ], "texture": "#magic_circle", "rotation": 270 }
			}
		},
		{
			"__comment": "Box49",
			"from": [ 15.375, 8, 13.75 ],
			"to": [ 15.625, 9, 13.875 ],
			"faces": {
				"down": { "uv": [ 15.375, 13.875, 15.625, 13.75 ], "texture": "#magic_circle" },
				"up": { "uv": [ 15.375, 13.75, 15.625, 13.875 ], "texture": "#magic_circle" },
				"north": { "uv": [ 15.625, 13.75, 15.375, 13.875 ], "texture": "#magic_circle" },
				"south": { "uv": [ 15.375, 13.75, 15.625, 13.875 ], "texture": "#magic_circle" },
				"west": { "uv": [ 15.375, 13.75, 15.5, 13.875 ], "texture": "#magic_circle", "rotation": 270 },
				"east": { "uv": [ 15.625, 13.875, 15.5, 13.75 ], "texture": "#magic_circle", "rotation": 270 }
			}
		},
		{
			"__comment": "Box50",
			"from": [ 15.5, 8, 13.5 ],
			"to": [ 15.875, 9, 13.625 ],
			"faces": {
				"down": { "uv": [ 15.5, 13.625, 15.875, 13.5 ], "texture": "#magic_circle" },
				"up": { "uv": [ 15.5, 13.5, 15.875, 13.625 ], "texture": "#magic_circle" },
				"north": { "uv": [ 15.875, 13.5, 15.5, 13.625 ], "texture": "#magic_circle" },
				"south": { "uv": [ 15.5, 13.5, 15.875, 13.625 ], "texture": "#magic_circle" },
				"west": { "uv": [ 15.5, 13.5, 15.625, 13.625 ], "texture": "#magic_circle", "rotation": 270 },
				"east": { "uv": [ 15.875, 13.625, 15.75, 13.5 ], "texture": "#magic_circle", "rotation": 270 }
			}
		},
		{
			"__comment": "Box51",
			"from": [ 15.625, 8, 3.375 ],
			"to": [ 15.75, 9, 13.5 ],
			"faces": {
				"down": { "uv": [ 15.625, 13.5, 15.75, 3.375 ], "texture": "#magic_circle" },
				"up": { "uv": [ 15.625, 3.375, 15.75, 13.5 ], "texture": "#magic_circle" },
				"north": { "uv": [ 15.75, 3.375, 15.625, 3.5 ], "texture": "#magic_circle" },
				"south": { "uv": [ 15.625, 13.375, 15.75, 13.5 ], "texture": "#magic_circle" },
				"west": { "uv": [ 15.625, 3.375, 15.75, 13.5 ], "texture": "#magic_circle", "rotation": 270 },
				"east": { "uv": [ 15.75, 13.5, 15.625, 3.375 ], "texture": "#magic_circle", "rotation": 270 }
			}
		},
		{
			"__comment": "Box52",
			"from": [ 15.75, 8, 13.25 ],
			"to": [ 15.875, 9, 13.5 ],
			"faces": {
				"down": { "uv": [ 15.75, 13.5, 15.875, 13.25 ], "texture": "#magic_circle" },
				"up": { "uv": [ 15.75, 13.25, 15.875, 13.5 ], "texture": "#magic_circle" },
				"north": { "uv": [ 15.875, 13.25, 15.75, 13.375 ], "texture": "#magic_circle" },
				"south": { "uv": [ 15.75, 13.375, 15.875, 13.5 ], "texture": "#magic_circle" },
				"west": { "uv": [ 15.75, 13.25, 15.875, 13.5 ], "texture": "#magic_circle", "rotation": 270 },
				"east": { "uv": [ 15.875, 13.5, 15.75, 13.25 ], "texture": "#magic_circle", "rotation": 270 }
			}
		}
	],
	"display": {
		"thirdperson_righthand": {
			"rotation":  [ 90, 0, 0 ],
			"translation":  [ -6, -2, -12 ],
			"scale":  [ 3, 1, 3 ]
		}
	}
}
