{
	"__comment": "Designed by MoTy with Cubik Studio - https://cubik.studio",
	"textures": {
		"particle": "blocks/e_particle",
		"texture": "blocks/e_texture",
		"red_stained_glass": "block/red_stained_glass",
		"lava_flow": "block/lava_flow",
		"water_flow": "block/water_flow",
		"beacon": "block/beacon"
	},
	"elements": [ 	 
		{
			"__comment": "Box1",
			"from": [ 7.5, 4.5, 4 ],
			"to": [ 8.5, 11, 5 ],
			"faces": {
				"down": { "uv": [ 0, 16, 16, 0 ], "texture": "#red_stained_glass" },
				"up": { "uv": [ 0, 0, 16, 16 ], "texture": "#red_stained_glass" },
				"north": { "uv": [ 0, 0, 16, 16 ], "texture": "#red_stained_glass" },
				"south": { "uv": [ 0, 0, 16, 16 ], "texture": "#red_stained_glass" },
				"west": { "uv": [ 0, 0, 16, 16 ], "texture": "#red_stained_glass" },
				"east": { "uv": [ 0, 0, 16, 16 ], "texture": "#red_stained_glass" }
			}
		},
		{
			"__comment": "Box1",
			"from": [ 10, 5.5, 5 ],
			"to": [ 11, 12, 6 ],
			"faces": {
				"down": { "uv": [ 0, 16, 16, 0 ], "texture": "#red_stained_glass" },
				"up": { "uv": [ 0, 0, 16, 16 ], "texture": "#red_stained_glass" },
				"north": { "uv": [ 0, 0, 16, 16 ], "texture": "#red_stained_glass" },
				"south": { "uv": [ 0, 0, 16, 16 ], "texture": "#red_stained_glass" },
				"west": { "uv": [ 0, 0, 16, 16 ], "texture": "#red_stained_glass" },
				"east": { "uv": [ 0, 0, 16, 16 ], "texture": "#red_stained_glass" }
			}
		},
		{
			"__comment": "Box1",
			"from": [ 5, 3.5, 5 ],
			"to": [ 6, 11, 6 ],
			"faces": {
				"down": { "uv": [ 0, 16, 16, 0 ], "texture": "#red_stained_glass" },
				"up": { "uv": [ 0, 0, 16, 16 ], "texture": "#red_stained_glass" },
				"north": { "uv": [ 16, 0, 0, 1 ], "texture": "#red_stained_glass" },
				"south": { "uv": [ 0, 15, 16, 16 ], "texture": "#red_stained_glass" },
				"west": { "uv": [ 0, 0, 1, 16 ], "texture": "#red_stained_glass", "rotation": 270 },
				"east": { "uv": [ 16, 16, 15, 0 ], "texture": "#red_stained_glass", "rotation": 270 }
			}
		},
		{
			"__comment": "Box1",
			"from": [ 11, 4.5, 7.5 ],
			"to": [ 12, 11, 8.5 ],
			"faces": {
				"down": { "uv": [ 0, 16, 16, 0 ], "texture": "#red_stained_glass" },
				"up": { "uv": [ 0, 0, 16, 16 ], "texture": "#red_stained_glass" },
				"north": { "uv": [ 0, 0, 16, 16 ], "texture": "#red_stained_glass" },
				"south": { "uv": [ 0, 0, 16, 16 ], "texture": "#red_stained_glass" },
				"west": { "uv": [ 0, 0, 16, 16 ], "texture": "#red_stained_glass" },
				"east": { "uv": [ 0, 0, 16, 16 ], "texture": "#red_stained_glass" }
			}
		},
		{
			"__comment": "Box1",
			"from": [ 4, 5, 7.5 ],
			"to": [ 5, 11.5, 8.5 ],
			"faces": {
				"down": { "uv": [ 0, 16, 16, 0 ], "texture": "#red_stained_glass" },
				"up": { "uv": [ 0, 0, 16, 16 ], "texture": "#red_stained_glass" },
				"north": { "uv": [ 0, 0, 16, 16 ], "texture": "#red_stained_glass" },
				"south": { "uv": [ 0, 0, 16, 16 ], "texture": "#red_stained_glass" },
				"west": { "uv": [ 0, 0, 16, 16 ], "texture": "#red_stained_glass" },
				"east": { "uv": [ 0, 0, 16, 16 ], "texture": "#red_stained_glass" }
			}
		},
		{
			"__comment": "Box1",
			"from": [ 7.5, 5, 11 ],
			"to": [ 8.5, 11.5, 12 ],
			"faces": {
				"down": { "uv": [ 0, 16, 16, 0 ], "texture": "#red_stained_glass" },
				"up": { "uv": [ 0, 0, 16, 16 ], "texture": "#red_stained_glass" },
				"north": { "uv": [ 0, 0, 16, 16 ], "texture": "#red_stained_glass" },
				"south": { "uv": [ 0, 0, 16, 16 ], "texture": "#red_stained_glass" },
				"west": { "uv": [ 0, 0, 16, 16 ], "texture": "#red_stained_glass" },
				"east": { "uv": [ 0, 0, 16, 16 ], "texture": "#red_stained_glass" }
			}
		},
		{
			"__comment": "Box1",
			"from": [ 5, 4.5, 10 ],
			"to": [ 6, 12, 11 ],
			"faces": {
				"down": { "uv": [ 0, 16, 16, 0 ], "texture": "#red_stained_glass" },
				"up": { "uv": [ 0, 0, 16, 16 ], "texture": "#red_stained_glass" },
				"north": { "uv": [ 0, 0, 16, 16 ], "texture": "#red_stained_glass" },
				"south": { "uv": [ 0, 0, 16, 16 ], "texture": "#red_stained_glass" },
				"west": { "uv": [ 0, 0, 16, 16 ], "texture": "#red_stained_glass" },
				"east": { "uv": [ 0, 0, 16, 16 ], "texture": "#red_stained_glass" }
			}
		},
		{
			"__comment": "Box1",
			"from": [ 10, 4.5, 10 ],
			"to": [ 11, 11, 11 ],
			"faces": {
				"down": { "uv": [ 0, 16, 16, 0 ], "texture": "#red_stained_glass" },
				"up": { "uv": [ 0, 0, 16, 16 ], "texture": "#red_stained_glass" },
				"north": { "uv": [ 0, 0, 16, 16 ], "texture": "#red_stained_glass" },
				"south": { "uv": [ 0, 0, 16, 16 ], "texture": "#red_stained_glass" },
				"west": { "uv": [ 0, 0, 16, 16 ], "texture": "#red_stained_glass" },
				"east": { "uv": [ 0, 0, 16, 16 ], "texture": "#red_stained_glass" }
			}
		},
		{
			"__comment": "Box1",
			"from": [ 7.5, 3, 6 ],
			"to": [ 8.5, 5, 7 ],
			"faces": {
				"down": { "uv": [ 0, 16, 16, 0 ], "texture": "#red_stained_glass" },
				"up": { "uv": [ 0, 0, 16, 16 ], "texture": "#red_stained_glass" },
				"north": { "uv": [ 16, 0, 0, 1 ], "texture": "#red_stained_glass" },
				"south": { "uv": [ 0, 15, 16, 16 ], "texture": "#red_stained_glass" },
				"west": { "uv": [ 0, 0, 1, 16 ], "texture": "#red_stained_glass", "rotation": 270 },
				"east": { "uv": [ 16, 16, 15, 0 ], "texture": "#red_stained_glass", "rotation": 270 }
			}
		},
		{
			"__comment": "Box1",
			"from": [ 7.5, 3, 9 ],
			"to": [ 8.5, 5, 10 ],
			"faces": {
				"down": { "uv": [ 0, 16, 16, 0 ], "texture": "#red_stained_glass" },
				"up": { "uv": [ 0, 0, 16, 16 ], "texture": "#red_stained_glass" },
				"north": { "uv": [ 16, 0, 0, 1 ], "texture": "#red_stained_glass" },
				"south": { "uv": [ 0, 15, 16, 16 ], "texture": "#red_stained_glass" },
				"west": { "uv": [ 0, 0, 1, 16 ], "texture": "#red_stained_glass", "rotation": 270 },
				"east": { "uv": [ 16, 16, 15, 0 ], "texture": "#red_stained_glass", "rotation": 270 }
			}
		},
		{
			"__comment": "Box1",
			"from": [ 9, 3, 7.5 ],
			"to": [ 10, 5, 8.5 ],
			"faces": {
				"down": { "uv": [ 0, 16, 16, 0 ], "texture": "#red_stained_glass" },
				"up": { "uv": [ 0, 0, 16, 16 ], "texture": "#red_stained_glass" },
				"north": { "uv": [ 16, 0, 0, 1 ], "texture": "#red_stained_glass" },
				"south": { "uv": [ 0, 15, 16, 16 ], "texture": "#red_stained_glass" },
				"west": { "uv": [ 0, 0, 1, 16 ], "texture": "#red_stained_glass", "rotation": 270 },
				"east": { "uv": [ 16, 16, 15, 0 ], "texture": "#red_stained_glass", "rotation": 270 }
			}
		},
		{
			"__comment": "Box1",
			"from": [ 6, 3, 7.5 ],
			"to": [ 7, 5, 8.5 ],
			"faces": {
				"down": { "uv": [ 0, 16, 16, 0 ], "texture": "#red_stained_glass" },
				"up": { "uv": [ 0, 0, 16, 16 ], "texture": "#red_stained_glass" },
				"north": { "uv": [ 16, 0, 0, 1 ], "texture": "#red_stained_glass" },
				"south": { "uv": [ 0, 15, 16, 16 ], "texture": "#red_stained_glass" },
				"west": { "uv": [ 0, 0, 1, 16 ], "texture": "#red_stained_glass", "rotation": 270 },
				"east": { "uv": [ 16, 16, 15, 0 ], "texture": "#red_stained_glass", "rotation": 270 }
			}
		},
		{
			"__comment": "Box1",
			"from": [ 6, 11.5, 7.5 ],
			"to": [ 7, 13.5, 8.5 ],
			"faces": {
				"down": { "uv": [ 0, 16, 16, 0 ], "texture": "#red_stained_glass" },
				"up": { "uv": [ 0, 0, 16, 16 ], "texture": "#red_stained_glass" },
				"north": { "uv": [ 16, 0, 0, 1 ], "texture": "#red_stained_glass" },
				"south": { "uv": [ 0, 15, 16, 16 ], "texture": "#red_stained_glass" },
				"west": { "uv": [ 0, 0, 1, 16 ], "texture": "#red_stained_glass", "rotation": 270 },
				"east": { "uv": [ 16, 16, 15, 0 ], "texture": "#red_stained_glass", "rotation": 270 }
			}
		},
		{
			"__comment": "Box1",
			"from": [ 7.5, 11.5, 6 ],
			"to": [ 8.5, 13.5, 7 ],
			"faces": {
				"down": { "uv": [ 0, 16, 16, 0 ], "texture": "#red_stained_glass" },
				"up": { "uv": [ 0, 0, 16, 16 ], "texture": "#red_stained_glass" },
				"north": { "uv": [ 16, 0, 0, 1 ], "texture": "#red_stained_glass" },
				"south": { "uv": [ 0, 15, 16, 16 ], "texture": "#red_stained_glass" },
				"west": { "uv": [ 0, 0, 1, 16 ], "texture": "#red_stained_glass", "rotation": 270 },
				"east": { "uv": [ 16, 16, 15, 0 ], "texture": "#red_stained_glass", "rotation": 270 }
			}
		},
		{
			"__comment": "Box1",
			"from": [ 9, 11.5, 7.5 ],
			"to": [ 10, 13.5, 8.5 ],
			"faces": {
				"down": { "uv": [ 0, 16, 16, 0 ], "texture": "#red_stained_glass" },
				"up": { "uv": [ 0, 0, 16, 16 ], "texture": "#red_stained_glass" },
				"north": { "uv": [ 16, 0, 0, 1 ], "texture": "#red_stained_glass" },
				"south": { "uv": [ 0, 15, 16, 16 ], "texture": "#red_stained_glass" },
				"west": { "uv": [ 0, 0, 1, 16 ], "texture": "#red_stained_glass", "rotation": 270 },
				"east": { "uv": [ 16, 16, 15, 0 ], "texture": "#red_stained_glass", "rotation": 270 }
			}
		},
		{
			"__comment": "Box1",
			"from": [ 7.5, 11.5, 9 ],
			"to": [ 8.5, 13.5, 10 ],
			"faces": {
				"down": { "uv": [ 0, 16, 16, 0 ], "texture": "#red_stained_glass" },
				"up": { "uv": [ 0, 0, 16, 16 ], "texture": "#red_stained_glass" },
				"north": { "uv": [ 16, 0, 0, 1 ], "texture": "#red_stained_glass" },
				"south": { "uv": [ 0, 15, 16, 16 ], "texture": "#red_stained_glass" },
				"west": { "uv": [ 0, 0, 1, 16 ], "texture": "#red_stained_glass", "rotation": 270 },
				"east": { "uv": [ 16, 16, 15, 0 ], "texture": "#red_stained_glass", "rotation": 270 }
			}
		},
		{
			"__comment": "Box17",
			"from": [ 6.5, 6.5, 6.5 ],
			"to": [ 9.5, 9.5, 9.5 ],
			"faces": {
				"down": { "uv": [ 0, 16, 16, 0 ], "texture": "#lava_flow" },
				"up": { "uv": [ 0, 0, 16, 16 ], "texture": "#lava_flow" },
				"north": { "uv": [ 0, 0, 16, 16 ], "texture": "#lava_flow" },
				"south": { "uv": [ 0, 0, 16, 16 ], "texture": "#lava_flow" },
				"west": { "uv": [ 0, 0, 16, 16 ], "texture": "#lava_flow" },
				"east": { "uv": [ 0, 0, 16, 16 ], "texture": "#lava_flow" }
			}
		},
		{
			"__comment": "Box17",
			"from": [ 7, 9.5, 7 ],
			"to": [ 9, 10, 9 ],
			"faces": {
				"down": { "uv": [ 0, 16, 16, 0 ], "texture": "#lava_flow" },
				"up": { "uv": [ 0, 0, 16, 16 ], "texture": "#lava_flow" },
				"north": { "uv": [ 0, 0, 16, 16 ], "texture": "#lava_flow" },
				"south": { "uv": [ 0, 0, 16, 16 ], "texture": "#lava_flow" },
				"west": { "uv": [ 0, 0, 16, 16 ], "texture": "#lava_flow" },
				"east": { "uv": [ 0, 0, 16, 16 ], "texture": "#lava_flow" }
			}
		},
		{
			"__comment": "Box17",
			"from": [ 7, 6, 7 ],
			"to": [ 9, 6.5, 9 ],
			"faces": {
				"down": { "uv": [ 0, 16, 16, 0 ], "texture": "#lava_flow" },
				"up": { "uv": [ 0, 0, 16, 16 ], "texture": "#lava_flow" },
				"north": { "uv": [ 0, 0, 16, 16 ], "texture": "#lava_flow" },
				"south": { "uv": [ 0, 0, 16, 16 ], "texture": "#lava_flow" },
				"west": { "uv": [ 0, 0, 16, 16 ], "texture": "#lava_flow" },
				"east": { "uv": [ 0, 0, 16, 16 ], "texture": "#lava_flow" }
			}
		},
		{
			"__comment": "Box20",
			"from": [ 2, 12, 4 ],
			"to": [ 3, 13, 5 ],
			"faces": {
				"down": { "uv": [ 0, 16, 16, 0 ], "texture": "#water_flow" },
				"up": { "uv": [ 0, 0, 16, 16 ], "texture": "#water_flow" },
				"north": { "uv": [ 0, 0, 16, 16 ], "texture": "#water_flow" },
				"south": { "uv": [ 0, 0, 16, 16 ], "texture": "#water_flow" },
				"west": { "uv": [ 0, 0, 16, 16 ], "texture": "#water_flow" },
				"east": { "uv": [ 0, 0, 16, 16 ], "texture": "#water_flow" }
			}
		},
		{
			"__comment": "Box20",
			"from": [ 5, 9, 1.5 ],
			"to": [ 6, 10, 2.5 ],
			"faces": {
				"down": { "uv": [ 0, 16, 16, 0 ], "texture": "#water_flow" },
				"up": { "uv": [ 0, 0, 16, 16 ], "texture": "#water_flow" },
				"north": { "uv": [ 0, 0, 16, 16 ], "texture": "#water_flow" },
				"south": { "uv": [ 0, 0, 16, 16 ], "texture": "#water_flow" },
				"west": { "uv": [ 0, 0, 16, 16 ], "texture": "#water_flow" },
				"east": { "uv": [ 0, 0, 16, 16 ], "texture": "#water_flow" }
			}
		},
		{
			"__comment": "Box20",
			"from": [ 10.5, 12, 1.5 ],
			"to": [ 11.5, 13, 2.5 ],
			"faces": {
				"down": { "uv": [ 0, 16, 16, 0 ], "texture": "#water_flow" },
				"up": { "uv": [ 0, 0, 16, 16 ], "texture": "#water_flow" },
				"north": { "uv": [ 0, 0, 16, 16 ], "texture": "#water_flow" },
				"south": { "uv": [ 0, 0, 16, 16 ], "texture": "#water_flow" },
				"west": { "uv": [ 0, 0, 16, 16 ], "texture": "#water_flow" },
				"east": { "uv": [ 0, 0, 16, 16 ], "texture": "#water_flow" }
			}
		},
		{
			"__comment": "Box20",
			"from": [ 13.5, 6.5, 6 ],
			"to": [ 14.5, 7.5, 7 ],
			"faces": {
				"down": { "uv": [ 0, 16, 16, 0 ], "texture": "#water_flow" },
				"up": { "uv": [ 0, 0, 16, 16 ], "texture": "#water_flow" },
				"north": { "uv": [ 0, 0, 16, 16 ], "texture": "#water_flow" },
				"south": { "uv": [ 0, 0, 16, 16 ], "texture": "#water_flow" },
				"west": { "uv": [ 0, 0, 16, 16 ], "texture": "#water_flow" },
				"east": { "uv": [ 0, 0, 16, 16 ], "texture": "#water_flow" }
			}
		},
		{
			"__comment": "Box20",
			"from": [ 13, 6, 10.5 ],
			"to": [ 14, 7, 11.5 ],
			"faces": {
				"down": { "uv": [ 0, 16, 16, 0 ], "texture": "#water_flow" },
				"up": { "uv": [ 0, 0, 16, 16 ], "texture": "#water_flow" },
				"north": { "uv": [ 0, 0, 16, 16 ], "texture": "#water_flow" },
				"south": { "uv": [ 0, 0, 16, 16 ], "texture": "#water_flow" },
				"west": { "uv": [ 0, 0, 16, 16 ], "texture": "#water_flow" },
				"east": { "uv": [ 0, 0, 16, 16 ], "texture": "#water_flow" }
			}
		},
		{
			"__comment": "Box20",
			"from": [ 1.5, 4, 8 ],
			"to": [ 2.5, 5, 9 ],
			"faces": {
				"down": { "uv": [ 0, 16, 16, 0 ], "texture": "#water_flow" },
				"up": { "uv": [ 0, 0, 16, 16 ], "texture": "#water_flow" },
				"north": { "uv": [ 0, 0, 16, 16 ], "texture": "#water_flow" },
				"south": { "uv": [ 0, 0, 16, 16 ], "texture": "#water_flow" },
				"west": { "uv": [ 0, 0, 16, 16 ], "texture": "#water_flow" },
				"east": { "uv": [ 0, 0, 16, 16 ], "texture": "#water_flow" }
			}
		},
		{
			"__comment": "Box20",
			"from": [ 4, 10, 12 ],
			"to": [ 5, 11, 13 ],
			"faces": {
				"down": { "uv": [ 0, 16, 16, 0 ], "texture": "#water_flow" },
				"up": { "uv": [ 0, 0, 16, 16 ], "texture": "#water_flow" },
				"north": { "uv": [ 0, 0, 16, 16 ], "texture": "#water_flow" },
				"south": { "uv": [ 0, 0, 16, 16 ], "texture": "#water_flow" },
				"west": { "uv": [ 0, 0, 16, 16 ], "texture": "#water_flow" },
				"east": { "uv": [ 0, 0, 16, 16 ], "texture": "#water_flow" }
			}
		},
		{
			"__comment": "Box20",
			"from": [ 7.5, 8, 13.5 ],
			"to": [ 8.5, 9, 14.5 ],
			"faces": {
				"down": { "uv": [ 0, 16, 16, 0 ], "texture": "#water_flow" },
				"up": { "uv": [ 0, 0, 16, 16 ], "texture": "#water_flow" },
				"north": { "uv": [ 0, 0, 16, 16 ], "texture": "#water_flow" },
				"south": { "uv": [ 0, 0, 16, 16 ], "texture": "#water_flow" },
				"west": { "uv": [ 0, 0, 16, 16 ], "texture": "#water_flow" },
				"east": { "uv": [ 0, 0, 16, 16 ], "texture": "#water_flow" }
			}
		},
		{
			"__comment": "Box20",
			"from": [ 8, 4.5, 1 ],
			"to": [ 9, 5.5, 2 ],
			"faces": {
				"down": { "uv": [ 0, 16, 16, 0 ], "texture": "#water_flow" },
				"up": { "uv": [ 0, 0, 16, 16 ], "texture": "#water_flow" },
				"north": { "uv": [ 0, 0, 16, 16 ], "texture": "#water_flow" },
				"south": { "uv": [ 0, 0, 16, 16 ], "texture": "#water_flow" },
				"west": { "uv": [ 0, 0, 16, 16 ], "texture": "#water_flow" },
				"east": { "uv": [ 0, 0, 16, 16 ], "texture": "#water_flow" }
			}
		},
		{
			"__comment": "Box20",
			"from": [ 12.5, 5, 3.5 ],
			"to": [ 13.5, 6, 4.5 ],
			"faces": {
				"down": { "uv": [ 0, 16, 16, 0 ], "texture": "#water_flow" },
				"up": { "uv": [ 0, 0, 16, 16 ], "texture": "#water_flow" },
				"north": { "uv": [ 0, 0, 16, 16 ], "texture": "#water_flow" },
				"south": { "uv": [ 0, 0, 16, 16 ], "texture": "#water_flow" },
				"west": { "uv": [ 0, 0, 16, 16 ], "texture": "#water_flow" },
				"east": { "uv": [ 0, 0, 16, 16 ], "texture": "#water_flow" }
			}
		},
		{
			"__comment": "Box20",
			"from": [ 2.5, 8.5, 10 ],
			"to": [ 3.5, 9.5, 11 ],
			"faces": {
				"down": { "uv": [ 0, 16, 16, 0 ], "texture": "#water_flow" },
				"up": { "uv": [ 0, 0, 16, 16 ], "texture": "#water_flow" },
				"north": { "uv": [ 0, 0, 16, 16 ], "texture": "#water_flow" },
				"south": { "uv": [ 0, 0, 16, 16 ], "texture": "#water_flow" },
				"west": { "uv": [ 0, 0, 16, 16 ], "texture": "#water_flow" },
				"east": { "uv": [ 0, 0, 16, 16 ], "texture": "#water_flow" }
			}
		},
		{
			"__comment": "Box20",
			"from": [ 13.5, 11.5, 8.5 ],
			"to": [ 14.5, 12.5, 9.5 ],
			"faces": {
				"down": { "uv": [ 0, 16, 16, 0 ], "texture": "#water_flow" },
				"up": { "uv": [ 0, 0, 16, 16 ], "texture": "#water_flow" },
				"north": { "uv": [ 0, 0, 16, 16 ], "texture": "#water_flow" },
				"south": { "uv": [ 0, 0, 16, 16 ], "texture": "#water_flow" },
				"west": { "uv": [ 0, 0, 16, 16 ], "texture": "#water_flow" },
				"east": { "uv": [ 0, 0, 16, 16 ], "texture": "#water_flow" }
			}
		},
		{
			"__comment": "Box20",
			"from": [ 10.5, 11.5, 12.5 ],
			"to": [ 11.5, 12.5, 13.5 ],
			"faces": {
				"down": { "uv": [ 0, 16, 16, 0 ], "texture": "#water_flow" },
				"up": { "uv": [ 0, 0, 16, 16 ], "texture": "#water_flow" },
				"north": { "uv": [ 0, 0, 16, 16 ], "texture": "#water_flow" },
				"south": { "uv": [ 0, 0, 16, 16 ], "texture": "#water_flow" },
				"west": { "uv": [ 0, 0, 16, 16 ], "texture": "#water_flow" },
				"east": { "uv": [ 0, 0, 16, 16 ], "texture": "#water_flow" }
			}
		},
		{
			"__comment": "Box33",
			"from": [ 7.5, 10, 7.5 ],
			"to": [ 8.5, 10.5, 8.5 ],
			"faces": {
				"down": { "uv": [ 0, 16, 16, 0 ], "texture": "#beacon" },
				"up": { "uv": [ 0, 0, 16, 16 ], "texture": "#beacon" },
				"north": { "uv": [ 16, 0, 0, 1 ], "texture": "#beacon" },
				"south": { "uv": [ 0, 15, 16, 16 ], "texture": "#beacon" },
				"west": { "uv": [ 0, 0, 1, 16 ], "texture": "#beacon", "rotation": 270 },
				"east": { "uv": [ 16, 16, 15, 0 ], "texture": "#beacon", "rotation": 270 }
			}
		},
		{
			"__comment": "Box33",
			"from": [ 7.75, 10, 7.75 ],
			"to": [ 8.25, 15.5, 8.25 ],
			"faces": {
				"down": { "uv": [ 0, 16, 16, 0 ], "texture": "#beacon" },
				"up": { "uv": [ 0, 0, 16, 16 ], "texture": "#beacon" },
				"north": { "uv": [ 16, 0, 0, 1 ], "texture": "#beacon" },
				"south": { "uv": [ 0, 15, 16, 16 ], "texture": "#beacon" },
				"west": { "uv": [ 0, 0, 1, 16 ], "texture": "#beacon", "rotation": 270 },
				"east": { "uv": [ 16, 16, 15, 0 ], "texture": "#beacon", "rotation": 270 }
			}
		},
		{
			"__comment": "Box33",
			"from": [ 7.5, 5.5, 7.5 ],
			"to": [ 8.5, 6, 8.5 ],
			"faces": {
				"down": { "uv": [ 0, 16, 16, 0 ], "texture": "#beacon" },
				"up": { "uv": [ 0, 0, 16, 16 ], "texture": "#beacon" },
				"north": { "uv": [ 16, 0, 0, 1 ], "texture": "#beacon" },
				"south": { "uv": [ 0, 15, 16, 16 ], "texture": "#beacon" },
				"west": { "uv": [ 0, 0, 1, 16 ], "texture": "#beacon", "rotation": 270 },
				"east": { "uv": [ 16, 16, 15, 0 ], "texture": "#beacon", "rotation": 270 }
			}
		},
		{
			"__comment": "Box33",
			"from": [ 7.75, 0, 7.75 ],
			"to": [ 8.25, 5.5, 8.25 ],
			"faces": {
				"down": { "uv": [ 0, 16, 16, 0 ], "texture": "#beacon" },
				"up": { "uv": [ 0, 0, 16, 16 ], "texture": "#beacon" },
				"north": { "uv": [ 16, 0, 0, 1 ], "texture": "#beacon" },
				"south": { "uv": [ 0, 15, 16, 16 ], "texture": "#beacon" },
				"west": { "uv": [ 0, 0, 1, 16 ], "texture": "#beacon", "rotation": 270 },
				"east": { "uv": [ 16, 16, 15, 0 ], "texture": "#beacon", "rotation": 270 }
			}
		}
	],
	"display": {
		"thirdperson_righthand": {
			"rotation":  [ 90, 0, 0 ],
			"translation":  [ -6, -2, -4 ]
		}
	}
}